{
  "accuracy": 0.7932960987091064,
  "auc": 0.8388669490814209
}