{
  "accuracy": 0.8044692873954773,
  "auc": 0.8526350259780884
}