{
  "accuracy": 0.7988826632499695,
  "auc": 0.8413702249526978
}